"title","category","views","likes"
"What Are The Odds?","Science","1198752","48"
"Should I Text Him? Flowchart","Sex & Love","637834","19"
"Halloween Costumes: Pop Culture Favorites","Lifestyle","245424","22"
"Rock & Pop Spelling Test","Entertainment","194781","9"
"The Internet in 2015","Technology","130683","33"
"Stick vs Automatic","Transportation","106021","13"
"The Rise of Minecraft","Computers","101036","13"
"What You Wish You'd Known Before Your Job Interview","Business","82564","6"
"5 Reasons Top Talent Leave Their Jobs","Business","79698","14"
"How Much You Can Trust a Bearded Man?","Other","74771","157"
"Battlefield vs Call of Duty Timeline","Entertainment","74548","6"
"Advertising vs Reality","Food","71289","28"
"Are You In the 99%","Economy","68189","11"
"Why Startups Fail","Business","61202","63"
"The Future According To Films","Entertainment","48766","38"
"Philadelphia Campus Crime Rates","Other","45565","NULL"
"Mac Person vs. PC Person","Technology","44058","98"
"What's Smaller Than Apple?","Business","41987","17"
"The Evolution of the Geek","Humor","40275","109"
"Steve Jobs Timeline","Technology","39698","62"
"The Recession and America's Prisons","Economy","39159","13"
"Following Twitter","Social Media","36886","50"
"15 Things You Didn't Know About Your Tongue","Humor","33407","4"
"Anatomy of the Mobile Market","Business","31007","69"
"The Evolution of Typography","Other","30941","115"
"The Work We Do to Pay Taxes","Economy","30049","55"
"Evolution of Storage ","Technology","28377","17"
"Mars Missions ","Science","27756","99"
"The Cost of Dropping Out","Education","26183","10"
"White Friday","Business","23395","7"
"Dexter: Those Kinds of Things","Entertainment","22806","8"
"Are You Happy? ","Humor","21359","95"
"Is Your Bachelors Degree Worth It?","Education","19989","23"
"Diagrams Rule: A Satirical Look at Infographics","Other","19674","68"
"Do You Need a Social Media Detox?","Social Media","18916","20"
"Chinese: The New Dominant Language of the Internet","Technology","18686","68"
"Social Media Yearbook","Humor","18584","119"
"The Mysterious Imagery of the Dollar Bill","Education","18134","20"
"Things You May Not Know About Facebook","Other","17678","16"
"How to Focus","Lifestyle","17509","29"
"The Conversation Prism v2.0","Social Media","17024","72"
"The Open Data Movement","Technology","15664","16"
"What Colors Mean in Different Cultures","Other","15513","58"
"The Evolution of Video Game Controllers","Entertainment","14363","25"
"The World of Beer","Food","14132","50"
"In 60 Seconds ","Computers","13382","12"
"Networks: The Way to Get Something Done ","Other","13364","36"
"New World Marketing","Business","13189","37"
"The Internet of Things","Computers","12433","32"
"Trash or cash?","Lifestyle","12381","2"
"Coke vs. Pepsi Cola War","Food","12171","10"
"If Web Browsers Were Celebrities ","Entertainment","11799","31"
"United States of Football","Sports","11598","5"
"Remote Control: Who Owns What you Watch on T.V?","Entertainment","11401","5"
"The Zombie Map of the World","Other","11019","3"
"History of the Internet","Computers","10696","4"
"Do You Know Who's Watching You?","Technology","10678","23"
"Still think Social Media is a Fad?","Social Media","10513","14"
"The Difference Between Humans and Animals","Science","10282","15"
"Word Frequency Comparison Between the Bible and the Quran","Lifestyle","10167","4"
"The Most Powerful Colors in the World","Social Media","10107","29"
"What Your Favorite Ice-Cream Says About You","Food","9913","2"
"What is the American Dream?","Lifestyle","9671","5"
"Workplace Incentives: How Are Companies Keeping Their Talent?","Business","9661","11"
"The common cold","Health","9329","NULL"
"New York Vs. The World","Entertainment","9223","38"
"The Anatomy of Nerds & Geeks","Humor","9205","16"
"The Apple Tree","Technology","9187","35"
"Teams That Stay Together, Win Together","Sports","9171","8"
"Strange Sex Laws ","Sex & Love","9038","4"
"The Most Dangerous Species in the Mediterranean","Other","8958","28"
"Failed Tech Predictions","Technology","8877","8"
"US & Worldwide Texting Trends ","Social Media","8762","12"
"Channel Swimming from Dover to Calais","Sports","8750","NULL"
"Coffee at Work: A Pick-Me-Up for Workers' Careers","Business","8731","13"
"When Sea Levels Attack!","Computers","8703","11"
"What does it take to get a job at Google?","Business","8703","20"
"How to Graduate From College With No Debt","Education","8690","6"
"Fifty Years of Exploration","Science","8609","26"
"Web Designers vs. Web Developers","Computers","8508","36"
"9/11, Ten Years Later","Other","8438","4"
"The Rise of QR Codes","Technology","8204","6"
"The History of Location Technology","Technology","8178","16"
"Communication Through The Ages","Social Media","8143","23"
"Throwing Money at The Problem","Education","8097","10"
"Green Through The Ages","Other","7820","11"
"What are moms saying online?","Social Media","7792","4"
"10 Reasons to Visit Tokyo","Lifestyle","7790","10"
"Global Gun Slingers","Economy","7645","24"
"College Life vs. The Working World","Humor","7609","9"
"Planet Text: How SMS Messaging Is Changing the World","Technology","7562","5"
"Who Rules Social Media","Social Media","7521","17"
"Language communities of Twitter","Social Media","7483","5"
"The Real Cost of Apple's iPhone ","Technology","7417","6"
"Technical Innovations of 2010","Technology","7241","24"
"Steve Jobs, 1955-2011","Computers","7208","9"
"Average Daily Food Intake of Homer Simpson","Humor","7191","NULL"
"The Insanely Great History of Apple","Technology","7163","13"
"America's Debt","Economy","7154","8"
"Water Will Be The Oil Of The 21st Century","Environment","7058","9"
"Charity & Technology in the Online Universe ","Technology","7053","15"
"25 Fun Facts About Bacon","Food","6946","3"
"Sex and Religion","Sex & Love","6897","4"
"How To Improve Your Meetings","Business","6891","12"
"The True Cost of a Wedding Knot","Sex & Love","6880","10"
"Visualizing the ING NYC Marathon ","Sports","6863","8"
"Global Environment Indicators (1990-2005)","Science","6840","11"
"Multitasking: This is your brain on Media","Computers","6736","15"
"How Would You Like Your Graphic Design?","Humor","6653","23"
"Healthy Eating Habits","Health","6612","NULL"
"A Day in the Life of a Graphic Designer","Humor","6543","10"
"You are the Nth person on Earth","Geography","6526","5"
"The X-Men Family","Entertainment","6525","10"
"Sex Heroes: Bedroom Endurance for Real Men","Sex & Love","6443","5"
"Where's Google Making Its Money?","Business","6418","17"
"Location-Based Social Media: Every Move You Make","Social Media","6364","6"
"Hangover Cures that Work Around the World","Health","6350","7"
"The Social Media Effect ","Social Media","6288","21"
"Languages of Wikipedia","Computers","6230","4"
"Who is Occupy Wall Street","Politics","6229","8"
"10 Reasons to Visit Reykjavik","Geography","6189","7"
"The Value of an Existing Customer","Business","6152","8"
"Halloween According to Shoppers ","Other","6109","2"
"U.S Credit Rating ","Economy","6024","1"
"Visualizing Alcohol Use","Other","6000","17"
"Becoming The Perfect Pickup Artist","Sex & Love","5992","3"
"What to Wear and What Not to Wear to an Interview","Business","5963","3"
"Diversity of Species in the Raintforest","Science","5946","9"
"Last-Minute Holiday Travel Deals","Lifestyle","5917","6"
"A Visual Look At The Cost of Kids In New York City","Lifestyle","5908","3"
"The Science of Social Timing Part 2: Timing & Email Marketing","Social Media","5857","16"
"World's Largest Aircraft","Technology","5839","13"
"The Cost Of Early Adoption","Technology","5816","3"
"The Changing Scope of Advertising","Business","5799","9"
"Golden Parachutes: How the Bankers Went Down","Economy","5738","6"
"Movie Vampires: The Good/Evil Spectrum","Entertainment","5717","7"
"Life of a Facebook Photo","Social Media","5695","8"
"What is Data Visualization?","Other","5632","11"
"How People Are Using Twitter","Social Media","5580","6"
"What Are We Eating?","Food","5523","4"
"The Tablet Takeover","Computers","5521","28"
"How the World Uses Social Networks","Social Media","5498","10"
"Anatomy of Walking","Health","5476","4"
"GMO? Genetically Modified Organism","Science","5462","5"
"A Teacher's Worth Around The World","Education","5430","13"
"A Website, Designed","Computers","5403","18"
"The Fragmented World of Digital Music","Entertainment","5395","14"
"Social Media Safety","Social Media","5380","8"
"Credit Report 101","Economy","5369","9"
"The Overworked American","Business","5295","8"
"The History of Advertising on Twitter ","Social Media","5287","7"
"Champions League Radial Bracket","Sports","5252","12"
"Guide to Zombie Survival","Humor","5220","8"
"8 Deadly Sins of Site Design","Computers","5195","16"
"How Much for a 30 Second TV Ad?","Entertainment","5194","2"
"Relationships in Gossip Girl","Entertainment","5166","7"
"Trends In Higher Education","Education","5061","13"
"Google vs. Apple","Technology","5048","22"
"European Football League Comparisons","Sports","5044","3"
"Infographic of Infographics","Other","5042","3"
"20 Awesome Things About Bacon","Food","4989","3"
"XKCD's Money Chart","Economy","4950","2"
"What It's All About","Entertainment","4887","4"
"A Guide to UX Careers","Computers","4877","5"
"The Art & Science of Smores","Food","4844","5"
"World's Most Popular Cars by Country","Transportation","4832","6"
"Time For Tea","Lifestyle","4829","13"
"The 5 Minute Guide To Getting A Job In Social Media","Social Media","4825","8"
"Linux: Then and Now","Computers","4815","2"
"The story behind Apple","Technology","4784","2"
"Apples to Oranges: The Final Comparison","Food","4784","7"
"The History of Portable Music","Technology","4775","1"
"How to Get Better Grades Using Social Media","Education","4738","11"
"Educating The Workforce of the Future","Education","4734","25"
"The History of Spring Break","Lifestyle","4726","6"
"Samsung SXSWi Hub","Social Media","4668","20"
"Raag Rang","Entertainment","4649","8"
"History of Apple, Inc.","Business","4619","5"
"Why Invest in Women?","Politics","4616","1"
"New York's Most Popular Date Spots","Sex & Love","4595","2"
"The Language of Beer","Food","4582","4"
"How Our Laws Are Made","Politics","4574","8"
"Sizing Up Space: A Visual History (Astronauts)","Science","4560","6"
"Who Spends The Most Years in Retirement?","Health","4528","5"
"The iPhone Evolution","Technology","4525","7"
"Tap Water: What are you really drinking?","Health","4521","10"
"The History of Science Fiction V.1","Entertainment","4517","10"
"Droid vs iOS: The Battle of the Ops","Lifestyle","4487","12"
"New York City At A Glance","Geography","4439","3"
"A New Door to Progress for Saudi Women","Politics","4402","6"
"A Visual Summary of Harry Potter","Entertainment","4393","20"
"Who Makes The Best e-Reader?","Computers","4392","7"
"The Evolution of Long Distance Relationships","Sex & Love","4392","14"
"The ROI of Social Media","Business","4371","9"
"5 Ways to Make Your Social Media Strategy More Effective","Social Media","4366","3"
"Pete and Ann Marie's Excellent Adventure","Sex & Love","4360","3"
"iPhone User Profiles","Technology","4320","13"
"What is Drupal?","Computers","4316","2"
"Comic Book Color Palettes","Entertainment","4311","4"
"The State of Unemployment","Business","4309","6"
"Anatomy Of The Perfect Employee","Business","4292","5"
"Big Brothers: Satellites Orbiting Earth","Science","4291","21"
"Are Your Daily Habits Making You Sick?","Health","4273","4"
"How Americans See Europe","Humor","4270","10"
"NBA Lockout","Sports","4254","6"
"What They Really Want","Sex & Love","4226","3"
"A Librarian’s Worth Around the World","Education","4215","7"
"Dorm Room Makeover: From Drab and Dreary to Bright and Airy","Lifestyle","4215","8"
"How Much is Your Life Worth?","Health","4209","1"
"WWF Champions","Sports","4192","4"
"RIM vs the World","Technology","4179","1"
"Are Employees Sick or Do They Have the 9-to-5 Bug?","Business","4178","6"
"Nuclear Weapons 101","Technology","4166","8"
"Drink Wine on a Budget","Food","4149","7"
"Evolution of the Beer Geek","Food","4137","3"
"A Guide to Buying Your Own Island ","Lifestyle","4125","4"
"Sequencing the Startup DNA","Business","4124","4"
"Sustainable Seafood & Sushi","Food","4117","2"
"The Top Ten Searched Countries On the Internet","Other","4114","1"
"Battle Royale: FedEx vs. UPS","Business","4100","7"
"Dating and Relationships by the Numbers","Sex & Love","4093","10"
"How to Get Rid of Villains in Social Media ","Social Media","4086","1"
"The 892 unique ways to partition a 3 x 4 grid","Other","4083","9"
"Motivation","Business","4064","2"
"The PSN Hack: It Only Exposed Everything","Entertainment","4033","NULL"
"Earthquake Anatomy | Graphic.","Science","4030","3"
"Summertime American Eats","Food","4021","6"
"World of Warcraft ","Entertainment","4018","1"
"The Economics of Social Gaming","Social Media","4009","3"
"The State of American Discontent","Politics","4000","8"
"The Science of Social Timing","Social Media","3978","12"
"Natural Disasters with The Worst Economic Impact","Environment","3969","3"
"Raise the Roof: The U.S. Debt Ceiling","Economy","3943","9"
"How Americans Use Social Tools in Emergencies","Social Media","3936","1"
"How Does American Energy Consumption Measure Up in a Global Context?","Environment","3934","2"
"Students Are More Stressed Than Ever","Education","3922","6"
"The Tale of Early Tech Rival","Science","3907","7"
"State of the Website Economy","Computers","3904","1"
"The Colorful History of Video Game Animation","Entertainment","3900","5"
"Google's History of Social Media","Social Media","3892","14"
"Crayola Crayon Chronology","Other","3881","8"
"The State of Unemployment - August 2011","Economy","3858","7"
"17 Tasty Tips on Bacon ","Food","3848","3"
"The World Is Actually Getting Better","Other","3834","5"
"Work Hours and Vacation Time Around the World ","Economy","3818","3"
"Mobile Gaming by the Numbers","Technology","3780","2"
"19 Things You Didn't Know About Star Wars","Entertainment","3777","4"
"In Case of Emergency, Use Social Media","Social Media","3775","4"
"America's Top Cities: Cheapest Real Estate In The World?","Economy","3771","6"
"Visualizing website performance","Computers","3754","6"
